epoch, loss, val_loss, epsilon 
1, 0.01943192072212696, 0.004159023053944111, 1 
2, 0.0030888814944773912, 0.0015128781087696552, 1 
3, 0.001498047960922122, 0.0009333385387435555, 1 
4, 0.0009638971532694995, 0.0007224612054415047, 1 
5, 0.000775764521677047, 0.0006362239946611226, 1 
6, 0.0006836807588115335, 0.000573424797039479, 1 
7, 0.0006099003367125988, 0.0005158233107067645, 1 
8, 0.0005453998455777764, 0.0004602689587045461, 1 
9, 0.0004855161823797971, 0.00040690088644623756, 1 
10, 0.0004299989086575806, 0.00035391576238907874, 1 
11, 0.00037744001019746065, 0.0003079066227655858, 1 
12, 0.0003326052101328969, 0.00027418797253631055, 1 
13, 0.00030239790794439614, 0.00025135133182629943, 1 
14, 0.00028276696684770286, 0.00023652100935578346, 1 
15, 0.0002698992320802063, 0.0002275329316034913, 1 
16, 0.00026025809347629547, 0.00021945439220871776, 1 
17, 0.00025302093126811087, 0.0002140513970516622, 1 
18, 0.00024630798725411296, 0.00021111402020324022, 1 
19, 0.0002424067206447944, 0.0002056570228887722, 1 
20, 0.00023493682965636253, 0.00020186707843095064, 1 
21, 0.00022993571474216878, 0.0001964676339412108, 1.0 
22, 0.00022416876163333654, 0.0001922016526805237, 0.998998998998999 
23, 0.00022093481675256044, 0.00018741351959761232, 0.997997997997998 
24, 0.00021639747137669474, 0.00018321989045944065, 0.996996996996997 
25, 0.00021306802227627486, 0.00017997862596530467, 0.995995995995996 
26, 0.0002099005796480924, 0.00017664392362348735, 0.994994994994995 
27, 0.00020551052875816822, 0.00017212904640473425, 0.993993993993994 
28, 0.00020338153990451247, 0.0001692590885795653, 0.992992992992993 
29, 0.00020001453231088817, 0.00016757326375227422, 0.991991991991992 
30, 0.00019710652122739702, 0.0001628711906960234, 0.990990990990991 
31, 0.00019497561152093112, 0.00015945806808304042, 0.98998998998999 
32, 0.00019313984375912696, 0.00015738289221189916, 0.988988988988989 
33, 0.00019049947150051594, 0.00015464297030121088, 0.987987987987988 
34, 0.00018893665401265025, 0.00015374812937807292, 0.986986986986987 
35, 0.00018915801774710417, 0.00015295174671337008, 0.985985985985986 
36, 0.0001857895404100418, 0.00014931020268704742, 0.984984984984985 
37, 0.00018688460113480687, 0.0001478550984757021, 0.983983983983984 
38, 0.00018598156748339534, 0.00014756544260308146, 0.982982982982983 
39, 0.00018490200454834849, 0.0001456653408240527, 0.9819819819819819 
40, 0.00018467297195456922, 0.000144644858664833, 0.980980980980981 
41, 0.00018400562112219632, 0.00014368242409545928, 0.97997997997998 
42, 0.00018542473844718188, 0.00014305932563729584, 0.978978978978979 
43, 0.00018269896099809557, 0.00014304924116004258, 0.977977977977978 
44, 0.00018403533613309264, 0.0001419049804098904, 0.9769769769769769 
45, 0.00018499372527003288, 0.00014118770195636898, 0.975975975975976 
46, 0.0001867940154625103, 0.00014088711759541184, 0.974974974974975 
47, 0.0001856522139860317, 0.00013997984933666885, 0.973973973973974 
48, 0.00018594294670037925, 0.00013993444736115634, 0.972972972972973 
49, 0.00018665277457330376, 0.00014007469872012734, 0.9719719719719719 
50, 0.0001879196206573397, 0.00014011395978741348, 0.970970970970971 
51, 0.0001886961399577558, 0.00014085741713643074, 0.96996996996997 
52, 0.00019007867376785725, 0.00014016243221703917, 0.968968968968969 
53, 0.0001910732826218009, 0.00013902179489377886, 0.967967967967968 
54, 0.0001894230517791584, 0.00013879593461751938, 0.9669669669669669 
55, 0.00019213797349948436, 0.00013756824773736298, 0.965965965965966 
56, 0.00019529946439433843, 0.00013753012171946466, 0.964964964964965 
57, 0.00019193835032638162, 0.0001381397305522114, 0.963963963963964 
58, 0.00020117111853323877, 0.00013847637455910444, 0.962962962962963 
59, 0.00019743300799746066, 0.00013799425505567342, 0.9619619619619619 
60, 0.0001978891232283786, 0.00013963952369522303, 0.960960960960961 
61, 0.00019802989845629781, 0.00013793751713819802, 0.95995995995996 
62, 0.0001991600584005937, 0.00013713460066355765, 0.958958958958959 
63, 0.00020121382840443403, 0.00013907959510106593, 0.9579579579579579 
64, 0.00020233287068549544, 0.00013735037646256387, 0.9569569569569569 
65, 0.00020036715432070196, 0.00013612939801532775, 0.955955955955956 
66, 0.000205210322747007, 0.00013630950707010925, 0.954954954954955 
67, 0.00020313046115916222, 0.0001376675791107118, 0.953953953953954 
68, 0.00020625836623366922, 0.00013635864888783544, 0.9529529529529529 
69, 0.00020987149036955088, 0.00013862703053746372, 0.9519519519519519 
70, 0.00021008060139138252, 0.00013604505511466414, 0.950950950950951 
71, 0.00021393319184426218, 0.00013682500866707414, 0.94994994994995 
72, 0.00021043207379989326, 0.0001379600289510563, 0.948948948948949 
73, 0.00021304958499968052, 0.00013644789578393102, 0.9479479479479479 
74, 0.00021450765780173242, 0.00013650910113938153, 0.9469469469469469 
75, 0.00021314661717042327, 0.00013756811677012593, 0.9459459459459459 
76, 0.00021579313033726066, 0.000136722854222171, 0.944944944944945 
77, 0.00021477088739629835, 0.0001372271653963253, 0.943943943943944 
78, 0.0002137587289325893, 0.00013636595394928008, 0.9429429429429429 
79, 0.00022147131676319987, 0.00013621410471387208, 0.9419419419419419 
80, 0.00022173291654326022, 0.00013644184218719602, 0.9409409409409409 
81, 0.00022242347768042237, 0.00013723359734285623, 0.93993993993994 
82, 0.00022747243929188699, 0.00013743677118327469, 0.938938938938939 
83, 0.00022578044445253909, 0.00013715245586354285, 0.9379379379379379 
84, 0.0002287195238750428, 0.00013581823441199958, 0.9369369369369369 
85, 0.00022592909226659685, 0.0001352538529317826, 0.9359359359359359 
86, 0.0002248615783173591, 0.00013540073996409774, 0.934934934934935 
87, 0.00022480364714283496, 0.00013626538566313684, 0.933933933933934 
88, 0.00022484626970253885, 0.00013878119352739304, 0.9329329329329329 
89, 0.0002307936956640333, 0.00013710792700294405, 0.9319319319319319 
90, 0.0002334663731744513, 0.00013633392518386245, 0.9309309309309309 
91, 0.00023500481620430946, 0.00014076549268793315, 0.92992992992993 
92, 0.00023785606026649475, 0.00014741015911567956, 0.928928928928929 
93, 0.00023745151702314615, 0.00013923791993875057, 0.9279279279279279 
94, 0.0002395182818872854, 0.00014037222717888653, 0.9269269269269269 
95, 0.00023599580163136125, 0.00013696397945750505, 0.9259259259259259 
96, 0.00023986744054127485, 0.0001379399764118716, 0.924924924924925 
97, 0.0002397048519924283, 0.00013895817392040044, 0.9239239239239239 
98, 0.00024588542873971164, 0.00013580534141510725, 0.9229229229229229 
99, 0.00024448891053907573, 0.00014131471107248217, 0.9219219219219219 
100, 0.0002422641118755564, 0.00013700358977075666, 0.9209209209209209 
101, 0.00024418882094323635, 0.00014074753562454134, 0.91991991991992 
102, 0.00024759169900789857, 0.00013939625932835042, 0.9189189189189189 
103, 0.0002499266993254423, 0.00013777460844721645, 0.9179179179179179 
104, 0.0002548175980336964, 0.0001381126494379714, 0.9169169169169169 
105, 0.00025826814817264676, 0.00013813735859002918, 0.9159159159159159 
106, 0.00025726977037265897, 0.00014245275815483183, 0.914914914914915 
107, 0.0002576756523922086, 0.00014169553469400853, 0.9139139139139139 
108, 0.00025901664048433304, 0.00014732865383848548, 0.9129129129129129 
109, 0.0002586668124422431, 0.00014269264647737145, 0.9119119119119119 
110, 0.00025926102534867823, 0.0001390019606333226, 0.9109109109109109 
111, 0.0002627984795253724, 0.00014500903489533812, 0.9099099099099099 
112, 0.00026148915640078485, 0.0001469301787437871, 0.9089089089089089 
113, 0.0002599292201921344, 0.00013929653505329043, 0.9079079079079079 
114, 0.00026621605502441525, 0.00013776712876278907, 0.9069069069069069 
115, 0.00027356602367945015, 0.0001406973460689187, 0.9059059059059059 
116, 0.0002731418062467128, 0.00014097601524554193, 0.9049049049049049 
117, 0.0002680549514479935, 0.00014067337906453758, 0.9039039039039038 
118, 0.0002732647117227316, 0.00013878157187718898, 0.9029029029029029 
119, 0.0002758673799689859, 0.00014545342128258198, 0.9019019019019019 
120, 0.0002838358050212264, 0.0001417348685208708, 0.9009009009009009 
121, 0.00029150626505725086, 0.00014202695456333458, 0.8998998998998999 
122, 0.0002815662883222103, 0.00014330736303236336, 0.8988988988988988 
123, 0.00028564396779984236, 0.00014207363710738719, 0.8978978978978979 
124, 0.00028498750180006027, 0.0001419613981852308, 0.8968968968968969 
125, 0.0002898585225921124, 0.00014652979734819382, 0.8958958958958959 
126, 0.00028157365159131587, 0.00015139943570829928, 0.8948948948948949 
127, 0.00028734555235132575, 0.00014436102355830371, 0.8938938938938938 
128, 0.00029624244780279696, 0.00015369780885521322, 0.8928928928928929 
129, 0.0002954262599814683, 0.00014215894043445587, 0.8918918918918919 
130, 0.0003030674997717142, 0.00015743027324788272, 0.8908908908908909 
131, 0.0002979095734190196, 0.0001462267682654783, 0.8898898898898899 
132, 0.00029446021653711796, 0.00014320967602543533, 0.8888888888888888 
133, 0.0002965143648907542, 0.00014803544036112726, 0.8878878878878879 
134, 0.00029200530843809247, 0.00014659890439361334, 0.8868868868868869 
135, 0.0003078134614042938, 0.00014916170039214194, 0.8858858858858859 
136, 0.00030852307099848986, 0.00015241437358781695, 0.8848848848848849 
137, 0.0002990129869431257, 0.00014596055552829057, 0.8838838838838838 
138, 0.0002967070322483778, 0.00014653231482952833, 0.8828828828828829 
139, 0.0003036514390259981, 0.0001469372073188424, 0.8818818818818819 
140, 0.00030792882898822427, 0.00015020697901491076, 0.8808808808808809 
141, 0.00031063618371263146, 0.00014686996291857213, 0.8798798798798799 
142, 0.0003077531582675874, 0.00015278201317414641, 0.8788788788788788 
143, 0.0003179827763233334, 0.0001494818861829117, 0.8778778778778779 
144, 0.0003205917892046273, 0.00014933673082850873, 0.8768768768768769 
145, 0.0003309716412331909, 0.0001518417993793264, 0.8758758758758759 
146, 0.0003296986687928438, 0.00014938846288714558, 0.8748748748748749 
147, 0.0003204166714567691, 0.0001477201731177047, 0.8738738738738738 
148, 0.00032613176153972745, 0.00014820456271991134, 0.8728728728728729 
149, 0.00032782545895315707, 0.00015085606719367206, 0.8718718718718719 
150, 0.00032312230905517936, 0.00015391732449643314, 0.8708708708708709 
151, 0.00032385525992140174, 0.00015088258078321815, 0.8698698698698699 
152, 0.00033390530734322965, 0.00015572499250993133, 0.8688688688688688 
153, 0.000333314819727093, 0.00014981535787228495, 0.8678678678678678 
154, 0.0003354198706801981, 0.00016498006880283356, 0.8668668668668669 
155, 0.0003375053929630667, 0.00014904652198310941, 0.8658658658658659 
156, 0.0003389432677067816, 0.00015172384155448526, 0.8648648648648649 
157, 0.00032905678381212056, 0.00015914783580228686, 0.8638638638638638 
158, 0.00033078331034630537, 0.00015561829786747694, 0.8628628628628628 
159, 0.0003396903339307755, 0.0001508979476056993, 0.8618618618618619 
160, 0.0003434677782934159, 0.00016606217832304537, 0.8608608608608609 
161, 0.0003495787095744163, 0.00015247758710756898, 0.8598598598598599 
162, 0.000348740752087906, 0.00015810872719157487, 0.8588588588588588 
163, 0.00035259081050753593, 0.00016280385898426175, 0.8578578578578578 
164, 0.0003496183780953288, 0.00015131375403143466, 0.8568568568568569 
165, 0.00035510360612533987, 0.0001552761677885428, 0.8558558558558559 
166, 0.0003654449828900397, 0.00015602809435222298, 0.8548548548548549 
167, 0.00036594775156117976, 0.0001545814739074558, 0.8538538538538538 
168, 0.000358207878889516, 0.00016683180001564324, 0.8528528528528528 
169, 0.0003658931818790734, 0.00015338494267780334, 0.8518518518518519 
170, 0.0003706282877828926, 0.00015493386308662593, 0.8508508508508509 
171, 0.00035769029636867344, 0.0001603501004865393, 0.8498498498498499 
172, 0.000368087348761037, 0.00016128392599057406, 0.8488488488488488 
173, 0.00037616697954945266, 0.00015619368059560657, 0.8478478478478478 
174, 0.000372935610357672, 0.00015766701835673302, 0.8468468468468469 
175, 0.00037222515675239265, 0.00015886758046690375, 0.8458458458458459 
176, 0.00037775348755531013, 0.00017189265054184943, 0.8448448448448449 
177, 0.00038309540832415223, 0.00015926551714073867, 0.8438438438438438 
178, 0.00038468820275738835, 0.0001640674308873713, 0.8428428428428428 
179, 0.000381682621082291, 0.00015979501768015325, 0.8418418418418419 
180, 0.0003874697722494602, 0.0001670986384851858, 0.8408408408408409 
181, 0.000397289841203019, 0.00015927478671073914, 0.8398398398398399 
182, 0.00038258673157542944, 0.0001626753219170496, 0.8388388388388388 
183, 0.00038500005030073225, 0.00015956179413478822, 0.8378378378378378 
184, 0.00040139249176718295, 0.00015719242219347507, 0.8368368368368369 
185, 0.00039438746171072125, 0.00017081577971111983, 0.8358358358358359 
186, 0.00041660171700641513, 0.00016124268586281687, 0.8348348348348349 
187, 0.00040392123628407717, 0.00016700412379577756, 0.8338338338338338 
188, 0.0003994697181042284, 0.00016551531734876335, 0.8328328328328328 
189, 0.00039776047924533486, 0.00016855509602464736, 0.8318318318318318 
190, 0.0004020711057819426, 0.00016593487816862762, 0.8308308308308309 
191, 0.00039992728852666914, 0.00016170080925803632, 0.8298298298298299 
192, 0.00041010824497789145, 0.0001658967084949836, 0.8288288288288288 
193, 0.000416446418967098, 0.00016540657088626176, 0.8278278278278278 
194, 0.00040832304512150586, 0.00016667635645717382, 0.8268268268268268 
195, 0.0004165852733422071, 0.00016289313498418778, 0.8258258258258259 
196, 0.0004191970801912248, 0.0001675833627814427, 0.8248248248248249 
197, 0.0004122068057768047, 0.00017204841424245387, 0.8238238238238238 
198, 0.000414892885601148, 0.00017008163558784872, 0.8228228228228228 
199, 0.00041585456347092986, 0.000167049394804053, 0.8218218218218218 
200, 0.0004139103984925896, 0.00016769238573033363, 0.8208208208208209 
201, 0.00042380011291243136, 0.00017239246517419815, 0.8198198198198199 
202, 0.00041877137846313417, 0.00017205961921717972, 0.8188188188188188 
203, 0.0004277688276488334, 0.00016912841238081455, 0.8178178178178178 
204, 0.00043360693962313235, 0.00017043622210621834, 0.8168168168168168 
205, 0.00043809591443277895, 0.00017230540106538683, 0.8158158158158157 
206, 0.0004353591939434409, 0.0001697800908004865, 0.8148148148148149 
207, 0.0004399660392664373, 0.00017829134594649076, 0.8138138138138138 
208, 0.0004363114421721548, 0.00016833255358505994, 0.8128128128128128 
209, 0.00045266340021044016, 0.00017301953630521894, 0.8118118118118118 
210, 0.0004597802471835166, 0.00018678874766919762, 0.8108108108108107 
211, 0.0004567821742966771, 0.0001731924421619624, 0.8098098098098099 
212, 0.000461874675238505, 0.00017799153283704072, 0.8088088088088088 
213, 0.00045441859401762486, 0.00017513340571895242, 0.8078078078078078 
214, 0.0004603528359439224, 0.000173282838659361, 0.8068068068068068 
215, 0.00047478347551077604, 0.00018134625861421227, 0.8058058058058057 
216, 0.0004645559238269925, 0.00017270816897507757, 0.8048048048048049 
217, 0.0004585615824908018, 0.0001752662064973265, 0.8038038038038038 
218, 0.00047156313667073846, 0.00017226155614480376, 0.8028028028028028 
219, 0.00047446813550777733, 0.00017450742598157376, 0.8018018018018018 
220, 0.0004746041086036712, 0.00018806476145982742, 0.8008008008008007 
221, 0.00047217431711032987, 0.00017752945132087916, 0.7997997997997998 
222, 0.00046849643695168197, 0.00017324111831840128, 0.7987987987987988 
223, 0.0004772751417476684, 0.00017732517153490335, 0.7977977977977978 
224, 0.00047924439422786236, 0.00017765728989616036, 0.7967967967967968 
225, 0.0004768049402628094, 0.00018148808158002794, 0.7957957957957957 
226, 0.00047957556671462953, 0.00018038973212242126, 0.7947947947947948 
227, 0.0004893933073617518, 0.00017785211093723774, 0.7937937937937938 
228, 0.0004979018704034388, 0.00018064145115204155, 0.7927927927927928 
229, 0.0005039534298703074, 0.0001926071709021926, 0.7917917917917918 
230, 0.0005092078354209661, 0.00017924804706126451, 0.7907907907907907 
231, 0.0005102870054543018, 0.0001817904121708125, 0.7897897897897898 
232, 0.0005120076239109039, 0.00018099356384482235, 0.7887887887887888 
233, 0.0005071365158073604, 0.00018230793648399413, 0.7877877877877878 
234, 0.0005094653461128473, 0.00018019037088379264, 0.7867867867867868 
235, 0.0005146163748577237, 0.00018178910249844193, 0.7857857857857857 
236, 0.0005126753821969032, 0.0001844683865783736, 0.7847847847847848 
237, 0.0005153818638063967, 0.000179885741090402, 0.7837837837837838 
238, 0.0005207804497331381, 0.00018433909281156957, 0.7827827827827828 
239, 0.0005286847590468824, 0.00018873985391110182, 0.7817817817817818 
240, 0.0005267901578918099, 0.00019433545821812004, 0.7807807807807807 
241, 0.0005153199890628457, 0.000198497946257703, 0.7797797797797797 
242, 0.0005283182836137712, 0.00019354549294803292, 0.7787787787787788 
243, 0.0005258476012386382, 0.00018708789139054716, 0.7777777777777778 
244, 0.0005346265388652682, 0.00018896262918133289, 0.7767767767767768 
245, 0.000533515412826091, 0.00019643791893031448, 0.7757757757757757 
246, 0.0005426371935755014, 0.0001952198799699545, 0.7747747747747747 
247, 0.0005416049971245229, 0.00019504986994434148, 0.7737737737737738 
248, 0.0005407753633335233, 0.0001908689591800794, 0.7727727727727728 
249, 0.0005454479833133519, 0.00018975461716763675, 0.7717717717717718 
250, 0.0005463623674586415, 0.00019438609888311476, 0.7707707707707707 
251, 0.0005442975088953972, 0.0001896747126011178, 0.7697697697697697 
252, 0.0005554491654038429, 0.00019060357590205967, 0.7687687687687688 
253, 0.0005543273873627186, 0.00018985531642101705, 0.7677677677677678 
254, 0.0005595124093815684, 0.00018939003348350525, 0.7667667667667668 
255, 0.0005624440964311361, 0.00020244353800080717, 0.7657657657657657 
256, 0.0005676461732946336, 0.00019257959502283484, 0.7647647647647647 
257, 0.0005663037300109863, 0.00019347944180481136, 0.7637637637637638 
258, 0.0005668691010214388, 0.00018925107724498957, 0.7627627627627628 
259, 0.0005636824644170702, 0.00019589625298976898, 0.7617617617617618 
260, 0.0005677920416928828, 0.00019666040316224098, 0.7607607607607607 
261, 0.0005690362304449081, 0.00020659338042605668, 0.7597597597597597 
262, 0.0005862625548616052, 0.00019618029182311147, 0.7587587587587588 
263, 0.0005818131030537188, 0.00020274007692933083, 0.7577577577577578 
264, 0.0005856732605025172, 0.00020010735897812992, 0.7567567567567568 
265, 0.0005767573020420969, 0.00019591973978094757, 0.7557557557557557 
266, 0.0005852539325132966, 0.0002011928299907595, 0.7547547547547547 
267, 0.0005854588816873729, 0.00020039152877870947, 0.7537537537537538 
268, 0.0005814179894514382, 0.00019769729988183826, 0.7527527527527528 
269, 0.0005931532941758633, 0.00019431526015978307, 0.7517517517517518 
270, 0.0005968210170976818, 0.00019436409638728946, 0.7507507507507507 
271, 0.0005974179948680103, 0.0001986163988476619, 0.7497497497497497 
272, 0.0006057473365217447, 0.00019999452342744917, 0.7487487487487487 
273, 0.0006101675098761916, 0.00020101018890272826, 0.7477477477477478 
274, 0.0006137226591818035, 0.00020228131324984133, 0.7467467467467468 
275, 0.0006140590412542224, 0.00020988701726309955, 0.7457457457457457 
276, 0.0006199759081937373, 0.0002011328615481034, 0.7447447447447447 
277, 0.0006214840104803443, 0.00020649493671953678, 0.7437437437437437 
278, 0.0006291751051321626, 0.00019489919941406697, 0.7427427427427428 
279, 0.0006269165896810591, 0.00020090487669222057, 0.7417417417417418 
280, 0.0006326116272248328, 0.0002001938846660778, 0.7407407407407407 
281, 0.0006400201236829162, 0.0002054496726486832, 0.7397397397397397 
282, 0.0006349862669594586, 0.00020260854216758162, 0.7387387387387387 
283, 0.0006328712333925068, 0.00021502036543097347, 0.7377377377377378 
284, 0.0006493355613201857, 0.00021493017266038805, 0.7367367367367368 
285, 0.0006533204577863216, 0.00020908145233988762, 0.7357357357357357 
286, 0.000654588220641017, 0.00020409305579960346, 0.7347347347347347 
287, 0.0006600794149562716, 0.0002025286084972322, 0.7337337337337337 
288, 0.0006518397713080049, 0.00020387578115332872, 0.7327327327327327 
289, 0.000664037826936692, 0.00020223554747644812, 0.7317317317317318 
290, 0.0006601011846214533, 0.00020313001004979014, 0.7307307307307307 
291, 0.000650887144729495, 0.00022048329992685467, 0.7297297297297297 
292, 0.000658534758258611, 0.00021590155665762722, 0.7287287287287287 
293, 0.0006677883793599904, 0.0002133281232090667, 0.7277277277277276 
294, 0.000677614938467741, 0.0002115354291163385, 0.7267267267267268 
295, 0.0006761478143744171, 0.00020339054754003882, 0.7257257257257257 
296, 0.0006855097017250955, 0.00020479327940847725, 0.7247247247247247 
297, 0.0006789143080823123, 0.00021387134620454162, 0.7237237237237237 
298, 0.0006799570983275771, 0.0002133147936547175, 0.7227227227227226 
299, 0.0006896919803693891, 0.00021384272258728743, 0.7217217217217218 
300, 0.0006902286550030112, 0.0002174904802814126, 0.7207207207207207 
301, 0.0007024522055871785, 0.00021334462508093566, 0.7197197197197197 
302, 0.0007026539533399045, 0.0002106986503349617, 0.7187187187187187 
303, 0.0007141067762859166, 0.00021791519247926772, 0.7177177177177176 
304, 0.0007141497335396707, 0.0002245674841105938, 0.7167167167167168 
305, 0.0007186599541455507, 0.00021228515834081918, 0.7157157157157157 
306, 0.0007179309031926095, 0.000220647212699987, 0.7147147147147147 
307, 0.0007223779102787375, 0.0002218443260062486, 0.7137137137137137 
308, 0.0007183824782259762, 0.00024294435570482165, 0.7127127127127126 
309, 0.0007084191893227398, 0.00021466921316459775, 0.7117117117117118 
310, 0.0007272214279510081, 0.00021315064805094153, 0.7107107107107107 
311, 0.0007383021875284612, 0.00021802507399115711, 0.7097097097097097 
312, 0.0007361018797382712, 0.0002172046952182427, 0.7087087087087087 
313, 0.0007358730654232204, 0.00022581397206522524, 0.7077077077077076 
314, 0.0007541018421761692, 0.0002162717137252912, 0.7067067067067068 
315, 0.0007414965075440705, 0.00020960558322258294, 0.7057057057057057 
316, 0.0007486535469070077, 0.00022618964430876076, 0.7047047047047047 
317, 0.0007639424875378609, 0.00021534408733714372, 0.7037037037037037 
318, 0.0007847495144233108, 0.00022253463976085186, 0.7027027027027026 
319, 0.0007678803522139788, 0.00022992216690909117, 0.7017017017017018 
320, 0.0007821706822142005, 0.00021826123702339828, 0.7007007007007007 
321, 0.0007733830716460943, 0.00022576913761440665, 0.6996996996996997 
322, 0.0007752897217869759, 0.00023047147260513157, 0.6986986986986987 
323, 0.0007867012755014002, 0.00021781041868962348, 0.6976976976976976 
324, 0.0007880094926804304, 0.00023712105758022517, 0.6966966966966968 
325, 0.0007901003700681031, 0.00022242260456550866, 0.6956956956956957 
326, 0.0007988680154085159, 0.0002264015784021467, 0.6946946946946947 
327, 0.0008095001103356481, 0.00023485244309995323, 0.6936936936936937 
328, 0.0008029014570638537, 0.0002590858784969896, 0.6926926926926926 
329, 0.0008065396104939282, 0.00023785646772012115, 0.6916916916916918 
330, 0.0008129815105348825, 0.0002303288783878088, 0.6906906906906907 
331, 0.000819058739580214, 0.00022479861218016595, 0.6896896896896897 
332, 0.0008183901663869619, 0.00022882129997015, 0.6886886886886887 
333, 0.0008150275098159909, 0.0002265387593070045, 0.6876876876876876 
334, 0.000809693185146898, 0.00022932943829800934, 0.6866866866866868 
335, 0.0008202737080864608, 0.00023739233438391238, 0.6856856856856857 
336, 0.000840492662973702, 0.0002297016908414662, 0.6846846846846847 
337, 0.0008386877016164362, 0.00023834836611058563, 0.6836836836836837 
338, 0.0008200358133763075, 0.00023851767764426768, 0.6826826826826826 
339, 0.0008313207072205842, 0.00023713811242487282, 0.6816816816816818 
340, 0.0008352604345418513, 0.00023398805933538824, 0.6806806806806807 
341, 0.0008394633769057691, 0.00022910593543201685, 0.6796796796796797 
342, 0.0008416448254138231, 0.00022821055608801544, 0.6786786786786787 
343, 0.000867039489094168, 0.0002264977665618062, 0.6776776776776776 
344, 0.0008661937317810953, 0.00023986487940419465, 0.6766766766766767 
345, 0.000864767178427428, 0.0002463691052980721, 0.6756756756756757 
346, 0.0008719293982721865, 0.00023224495816975832, 0.6746746746746747 
347, 0.0008780325879342854, 0.00022733733931090683, 0.6736736736736737 
348, 0.0008848323486745358, 0.00024069212668109685, 0.6726726726726726 
349, 0.0008826875127851963, 0.00024029552878346294, 0.6716716716716717 
350, 0.0008889422169886529, 0.00024559584562666714, 0.6706706706706707 
351, 0.000881433195900172, 0.00024077697889879346, 0.6696696696696697 
352, 0.0008900630054995418, 0.0002540932910051197, 0.6686686686686687 
353, 0.0008935923688113689, 0.0002426581922918558, 0.6676676676676676 
354, 0.0008980584098026156, 0.00024357913935091347, 0.6666666666666667 
355, 0.0008844757103361189, 0.0002364794199820608, 0.6656656656656657 
356, 0.0009004971943795681, 0.00023943945416249335, 0.6646646646646647 
357, 0.0009136548032984138, 0.00025142787490040064, 0.6636636636636637 
358, 0.0009140705806203187, 0.0002493124920874834, 0.6626626626626626 
359, 0.0009303735569119453, 0.0002384559775236994, 0.6616616616616617 
360, 0.0009470578515902162, 0.00023525528376922011, 0.6606606606606606 
361, 0.0009407905745320022, 0.0002379109209869057, 0.6596596596596597 
362, 0.0009546205983497202, 0.00024145351198967546, 0.6586586586586587 
363, 0.000953271402977407, 0.00027651485288515687, 0.6576576576576576 
364, 0.0009641021024435759, 0.0002474803477525711, 0.6566566566566567 
365, 0.0009484284673817456, 0.00024262467923108488, 0.6556556556556556 
366, 0.0009670468280091882, 0.0002518697583582252, 0.6546546546546547 
367, 0.000981437275186181, 0.00024842380662448704, 0.6536536536536537 
368, 0.0009656909969635308, 0.0002429653686704114, 0.6526526526526526 
369, 0.0009687552810646594, 0.0002603978500701487, 0.6516516516516517 
370, 0.0009841874707490206, 0.0002507517929188907, 0.6506506506506506 
371, 0.0009783373679965734, 0.000246549112489447, 0.6496496496496497 
372, 0.0009806902380660176, 0.00024247592955362052, 0.6486486486486487 
373, 0.0009731218451634049, 0.0002461397380102426, 0.6476476476476476 
374, 0.0009760761167854071, 0.0002478162641637027, 0.6466466466466467 
375, 0.0009918593568727374, 0.00025287579046562314, 0.6456456456456456 
376, 0.0010051918216049671, 0.000244677416048944, 0.6446446446446447 
377, 0.0009992655832320452, 0.0002563876914791763, 0.6436436436436437 
378, 0.0009970897808670998, 0.00024392628984060138, 0.6426426426426426 
379, 0.0009982713963836432, 0.00024793323245830834, 0.6416416416416417 
380, 0.0009962099138647318, 0.00024812668561935425, 0.6406406406406406 
381, 0.0009780919644981623, 0.00024822528939694166, 0.6396396396396397 
382, 0.0010099902283400297, 0.00024932099040597677, 0.6386386386386387 
383, 0.0009929146617650986, 0.00023479678202420473, 0.6376376376376376 
384, 0.001000178512185812, 0.0002353562304051593, 0.6366366366366366 
385, 0.0010123359970748425, 0.0002455687499605119, 0.6356356356356356 
386, 0.0010056623723357916, 0.00023253825202118605, 0.6346346346346347 
387, 0.0010150802554562688, 0.0002393522154306993, 0.6336336336336337 
388, 0.0010203961282968521, 0.000267786585027352, 0.6326326326326326 
389, 0.0010186719009652734, 0.0002544997551012784, 0.6316316316316316 
390, 0.0010187937878072262, 0.0002426578284939751, 0.6306306306306306 
391, 0.0010284052696079016, 0.0002420390082988888, 0.6296296296296297 
392, 0.0010368856601417065, 0.0002553572994656861, 0.6286286286286287 
393, 0.0010483131045475602, 0.00024546263739466667, 0.6276276276276276 
394, 0.0010525303659960628, 0.00024558635777793825, 0.6266266266266266 
395, 0.0010621119290590286, 0.0002623074979055673, 0.6256256256256256 
396, 0.001057425164617598, 0.0002455491339787841, 0.6246246246246246 
397, 0.0010564136318862438, 0.00025074684526771307, 0.6236236236236237 
398, 0.0010739628924056888, 0.00024918621056713164, 0.6226226226226226 
399, 0.0010608528973534703, 0.0002447114384267479, 0.6216216216216216 
400, 0.0010813617845997214, 0.00024916959227994084, 0.6206206206206206 
401, 0.0010948338313028216, 0.00024607719387859106, 0.6196196196196196 
402, 0.0010843059280887246, 0.00024995632702484727, 0.6186186186186187 
403, 0.001086221425794065, 0.0002575248072389513, 0.6176176176176176 
404, 0.0010813192930072546, 0.0002486346638761461, 0.6166166166166166 
405, 0.0010942805092781782, 0.00025140499928966165, 0.6156156156156156 
406, 0.0011065930593758821, 0.000246633862843737, 0.6146146146146146 
407, 0.0011158380657434464, 0.0002607356000225991, 0.6136136136136137 
408, 0.001119813765399158, 0.00025115199969150126, 0.6126126126126126 
409, 0.0011240232270210981, 0.0002634773845784366, 0.6116116116116116 
410, 0.0011141067370772362, 0.0002600228472147137, 0.6106106106106106 
411, 0.0011291283881291747, 0.00026209259522147477, 0.6096096096096096 
412, 0.0011338257463648915, 0.0002602803288027644, 0.6086086086086087 
413, 0.0011332090944051743, 0.00026742173940874636, 0.6076076076076076 
414, 0.0011409264989197254, 0.00025300911511294544, 0.6066066066066066 
415, 0.0011354865273460746, 0.00026476173661649227, 0.6056056056056056 
416, 0.0011493358761072159, 0.0002566950279287994, 0.6046046046046045 
417, 0.0011621618177741766, 0.0002709069522097707, 0.6036036036036037 
418, 0.0011769798584282398, 0.0002698941680137068, 0.6026026026026026 
419, 0.0011738084722310305, 0.00025883782655000687, 0.6016016016016016 
420, 0.0011746309464797378, 0.00026368469116277993, 0.6006006006006006 
421, 0.0011795336613431573, 0.0002726866805460304, 0.5995995995995995 
422, 0.0011915251379832625, 0.0002620832819957286, 0.5985985985985987 
423, 0.0012061508605256677, 0.00027461565332487226, 0.5975975975975976 
424, 0.0011977781541645527, 0.00026142975548282266, 0.5965965965965966 
425, 0.0012072417885065079, 0.00025984359672293067, 0.5955955955955956 
426, 0.0012132187839597464, 0.0002610813535284251, 0.5945945945945945 
427, 0.0012327901786193252, 0.0002682546037249267, 0.5935935935935936 
428, 0.0012179708573967218, 0.0002695582224987447, 0.5925925925925926 
429, 0.001215557917021215, 0.0002650743117555976, 0.5915915915915916 
430, 0.0012249144492670894, 0.0002811965241562575, 0.5905905905905906 
431, 0.001231281436048448, 0.00027994232368655503, 0.5895895895895895 
432, 0.001242987927980721, 0.000273968034889549, 0.5885885885885886 
433, 0.0012461167061701417, 0.00028804034809581935, 0.5875875875875876 
434, 0.0012384294532239437, 0.0002780090144369751, 0.5865865865865866 
435, 0.0012576424051076174, 0.00027283187955617905, 0.5855855855855856 
436, 0.001266017323359847, 0.000276625098194927, 0.5845845845845845 
437, 0.0012813436333090067, 0.0002752436266746372, 0.5835835835835836 
438, 0.0013041056226938963, 0.000277252693194896, 0.5825825825825826 
439, 0.0013018733588978648, 0.0002788467681966722, 0.5815815815815816 
440, 0.001298597315326333, 0.00028277773526497185, 0.5805805805805806 
441, 0.001311489730142057, 0.00028420414309948683, 0.5795795795795795 
442, 0.0013188031734898686, 0.0002960378478746861, 0.5785785785785786 
443, 0.0013049050467088819, 0.0002873301273211837, 0.5775775775775776 
444, 0.0013048743130639195, 0.0002817109925672412, 0.5765765765765766 
445, 0.0013193872291594744, 0.0002837557112798095, 0.5755755755755756 
446, 0.0013211078476160765, 0.000278986495686695, 0.5745745745745745 
447, 0.0013119792565703392, 0.0002751917636487633, 0.5735735735735736 
448, 0.001330505940131843, 0.00029301882022991776, 0.5725725725725725 
449, 0.001367711927741766, 0.0002879148523788899, 0.5715715715715716 
450, 0.0013649662723764777, 0.00031379589927382767, 0.5705705705705706 
451, 0.0013646479928866029, 0.0002821637608576566, 0.5695695695695695 
452, 0.0013828022638335824, 0.00029542925767600536, 0.5685685685685686 
453, 0.001383699825964868, 0.0002965212916024029, 0.5675675675675675 
454, 0.001381038106046617, 0.00029944544075988233, 0.5665665665665666 
455, 0.001387577154673636, 0.0002968042390421033, 0.5655655655655656 
456, 0.0013906699605286121, 0.00028814515098929405, 0.5645645645645645 
457, 0.0013921810314059258, 0.00031817328999750316, 0.5635635635635636 
458, 0.0014123650034889579, 0.0003257631906308234, 0.5625625625625625 
459, 0.0014244578778743744, 0.0003013456880580634, 0.5615615615615616 
460, 0.0014218913856893778, 0.00029899104265496135, 0.5605605605605606 
461, 0.0014337948523461819, 0.00029209849890321493, 0.5595595595595595 
462, 0.0014207769418135285, 0.00031550772837363183, 0.5585585585585586 
463, 0.001424744725227356, 0.00029724460910074413, 0.5575575575575575 
464, 0.0014396478654816747, 0.0003145170339848846, 0.5565565565565566 
465, 0.0014559644041582942, 0.00030705242534168065, 0.5555555555555556 
466, 0.0014611930819228292, 0.0003172942961100489, 0.5545545545545545 
467, 0.0014637241838499904, 0.0003040891606360674, 0.5535535535535536 
468, 0.0014691106043756008, 0.00029897360946051776, 0.5525525525525525 
469, 0.001480489270761609, 0.0003252896713092923, 0.5515515515515516 
470, 0.0014983974397182465, 0.0003007464692927897, 0.5505505505505506 
471, 0.0014921686379238963, 0.00029885151889175177, 0.5495495495495495 
472, 0.0014909470919519663, 0.000313515862217173, 0.5485485485485486 
473, 0.0015028341440483928, 0.00030705551034770906, 0.5475475475475475 
474, 0.0015035710530355573, 0.0003047564241569489, 0.5465465465465466 
475, 0.0015082188183441758, 0.0003201275540050119, 0.5455455455455456 
476, 0.0015188864199444652, 0.0003212136507499963, 0.5445445445445445 
477, 0.0015431207139045, 0.00032177497632801533, 0.5435435435435436 
478, 0.001561187207698822, 0.00033478529076091945, 0.5425425425425425 
479, 0.0015605507651343942, 0.00032991362968459725, 0.5415415415415415 
480, 0.0015863730804994702, 0.0003215914184693247, 0.5405405405405406 
481, 0.0015897284029051661, 0.000318553444230929, 0.5395395395395395 
482, 0.0015726173296570778, 0.0003272807225584984, 0.5385385385385386 
483, 0.0015749727608636022, 0.000316008081426844, 0.5375375375375375 
484, 0.0015965895727276802, 0.00032594980439171195, 0.5365365365365365 
485, 0.0016027609817683697, 0.00032464228570461273, 0.5355355355355356 
486, 0.0016145935514941812, 0.00032685769838280976, 0.5345345345345345 
487, 0.001614066306501627, 0.0003355912631377578, 0.5335335335335336 
488, 0.001619407907128334, 0.0003144738730043173, 0.5325325325325325 
489, 0.0016361505258828402, 0.00033447734313085675, 0.5315315315315315 
490, 0.0016173894982784986, 0.0003187291731592268, 0.5305305305305306 
491, 0.0016263526631519198, 0.0003252497117500752, 0.5295295295295295 
492, 0.0016370783559978008, 0.00032663720776326954, 0.5285285285285286 
493, 0.0016366435447707772, 0.00033328295103274286, 0.5275275275275275 
494, 0.0016566867707297206, 0.00035196213866584003, 0.5265265265265265 
495, 0.0016463224310427904, 0.0003370002959854901, 0.5255255255255256 
496, 0.0016721243737265468, 0.0003325760189909488, 0.5245245245245245 
497, 0.0016902420902624726, 0.00034176031476818025, 0.5235235235235236 
498, 0.0017147359903901815, 0.00035055188345722854, 0.5225225225225225 
499, 0.0017368473345413804, 0.000360142788849771, 0.5215215215215215 
500, 0.0017500096000730991, 0.000356640899553895, 0.5205205205205206 
501, 0.0017515086801722646, 0.00035448133712634444, 0.5195195195195195 
502, 0.0017343810759484768, 0.00037082377821207047, 0.5185185185185186 
503, 0.0017411971930414438, 0.0003580139309633523, 0.5175175175175175 
504, 0.0017311838455498219, 0.0003493410476949066, 0.5165165165165165 
505, 0.0017345265951007605, 0.0003739749372471124, 0.5155155155155156 
506, 0.0017620540456846356, 0.00036165554774925113, 0.5145145145145145 
507, 0.0017754642758518457, 0.0003647644189186394, 0.5135135135135135 
508, 0.0017950901528820395, 0.0003587900137063116, 0.5125125125125125 
509, 0.001777020050212741, 0.00036399741657078266, 0.5115115115115115 
510, 0.0017741508781909943, 0.0003594661538954824, 0.5105105105105106 
511, 0.0017965481383726, 0.0003649916034191847, 0.5095095095095095 
512, 0.0018107766518369317, 0.00035890660365112126, 0.5085085085085085 
513, 0.0018224887317046523, 0.0003664166433736682, 0.5075075075075075 
514, 0.0018305438570678234, 0.00037247355794534087, 0.5065065065065065 
515, 0.001847779843956232, 0.0003542397462297231, 0.5055055055055055 
516, 0.0018486959161236882, 0.0003630804130807519, 0.5045045045045045 
517, 0.0018612361745908856, 0.000368413922842592, 0.5035035035035035 
518, 0.0018597242888063192, 0.00037400031578727067, 0.5025025025025025 
519, 0.0018732351018115878, 0.00038573634810745716, 0.5015015015015015 
520, 0.0018819315591827035, 0.000370916910469532, 0.5005005005005005 
521, 0.0018966487841680646, 0.00036914891097694635, 0.49949949949949946 
522, 0.0019034756114706397, 0.0003939215384889394, 0.4984984984984985 
523, 0.0019022402120754123, 0.0003785089938901365, 0.4974974974974975 
524, 0.0019094159360975027, 0.0003760583349503577, 0.4964964964964965 
525, 0.0019252452766522765, 0.0003934056730940938, 0.49549549549549554 
526, 0.0019481736235320568, 0.0003837202093563974, 0.49449449449449445 
527, 0.0019517280161380768, 0.00038433019653894007, 0.4934934934934935 
528, 0.001933194580487907, 0.0003833810333162546, 0.4924924924924925 
529, 0.0019339482532814145, 0.00040925279608927667, 0.4914914914914915 
530, 0.0019429749809205532, 0.0003829616471193731, 0.49049049049049054 
531, 0.001953174127265811, 0.0003931662067770958, 0.48948948948948945 
532, 0.001981431385502219, 0.0004228106408845633, 0.48848848848848847 
533, 0.0019971157889813185, 0.0003890586958732456, 0.4874874874874875 
534, 0.002004259265959263, 0.00040209319558925927, 0.4864864864864865 
535, 0.0020226440392434597, 0.0003973901621066034, 0.48548548548548554 
536, 0.0020428744610399008, 0.00039955752436071634, 0.48448448448448445 
537, 0.0020372672006487846, 0.0004079208883922547, 0.48348348348348347 
538, 0.002039524493739009, 0.00039394176565110683, 0.4824824824824825 
539, 0.0020632422529160976, 0.00041437658364884555, 0.4814814814814815 
540, 0.0020528179593384266, 0.0004045505484100431, 0.48048048048048053 
541, 0.0020650727674365044, 0.0004103607207071036, 0.47947947947947944 
542, 0.002086221007630229, 0.00040749693289399147, 0.47847847847847846 
543, 0.002078321063891053, 0.00042510233470238745, 0.4774774774774775 
544, 0.0021040095016360283, 0.00041189207695424557, 0.4764764764764765 
545, 0.0021064511965960264, 0.0004187178274150938, 0.47547547547547553 
546, 0.002102556638419628, 0.0004219384863972664, 0.47447447447447444 
547, 0.002123321872204542, 0.00042310135904699564, 0.47347347347347346 
548, 0.002126598497852683, 0.0004262471047695726, 0.4724724724724725 
549, 0.0021432118955999613, 0.00042789135477505624, 0.4714714714714715 
550, 0.002135749440640211, 0.00041997217340394855, 0.4704704704704705 
551, 0.0021501893643289804, 0.00041688239434733987, 0.46946946946946944 
552, 0.002152753761038184, 0.0004270518838893622, 0.46846846846846846 
553, 0.0021558243315666914, 0.00044072879245504737, 0.4674674674674675 
554, 0.0021847891621291637, 0.00042454892536625266, 0.4664664664664665 
555, 0.002152250846847892, 0.0004436490125954151, 0.4654654654654654 
556, 0.002155716996639967, 0.0004370927345007658, 0.46446446446446443 
557, 0.00218278169631958, 0.00042694751755334437, 0.46346346346346345 
558, 0.002202969044446945, 0.00043066186481155455, 0.4624624624624625 
559, 0.0022083723451942205, 0.00044592117774300277, 0.4614614614614615 
560, 0.0022139735519886017, 0.00045108309132047, 0.4604604604604604 
561, 0.002217378467321396, 0.0004398191231302917, 0.45945945945945943 
562, 0.002231622813269496, 0.00044280922156758606, 0.45845845845845845 
563, 0.0022505666129291058, 0.00044240604620426893, 0.4574574574574575 
564, 0.0022529037669301033, 0.0004462447832338512, 0.4564564564564565 
565, 0.0022702752612531185, 0.0004549996228888631, 0.4554554554554554 
566, 0.002291465876623988, 0.00045086638419888914, 0.4544544544544544 
567, 0.002299377927556634, 0.00045635306742042303, 0.45345345345345345 
568, 0.002302818698808551, 0.00044675185927189887, 0.45245245245245247 
569, 0.0023361998610198498, 0.00045029912143945694, 0.4514514514514515 
570, 0.0023436688352376223, 0.0004625767469406128, 0.4504504504504504 
571, 0.002344410866498947, 0.00045758677879348397, 0.4494494494494494 
572, 0.0023438348434865475, 0.0004672560899052769, 0.44844844844844844 
573, 0.002350051421672106, 0.0004567995492834598, 0.44744744744744747 
574, 0.002345378277823329, 0.0004612815100699663, 0.4464464464464465 
575, 0.0023547066375613213, 0.0004910589195787907, 0.4454454454454454 
576, 0.002381477504968643, 0.00047264224849641323, 0.4444444444444444 
577, 0.0023991179186850786, 0.0004760031297337264, 0.44344344344344344 
578, 0.0024010122288018465, 0.00048232273547910154, 0.44244244244244246 
579, 0.0023885387927293777, 0.00048058395623229444, 0.4414414414414415 
580, 0.002409124979749322, 0.0004900649073533714, 0.4404404404404404 
581, 0.0024067051708698273, 0.0004720190481748432, 0.4394394394394394 
582, 0.0024096800480037928, 0.0004686781903728843, 0.43843843843843844 
583, 0.002426532097160816, 0.0004717473639175296, 0.43743743743743746 
584, 0.00244328984990716, 0.0004738666757475585, 0.4364364364364365 
585, 0.0024539765436202288, 0.0004930052673444152, 0.4354354354354354 
586, 0.002450409810990095, 0.00048587366472929716, 0.4344344344344344 
587, 0.0024756526108831167, 0.0004962616949342191, 0.43343343343343343 
588, 0.0024829234462231398, 0.0004894568701274693, 0.43243243243243246 
589, 0.002471709856763482, 0.0004928662092424929, 0.4314314314314315 
590, 0.002485147677361965, 0.000490321428515017, 0.4304304304304304 
591, 0.0025118954945355654, 0.0004900426720269024, 0.4294294294294294 
592, 0.002512309467419982, 0.0004915653844363987, 0.42842842842842843 
593, 0.0025101550854742527, 0.0005143942544236779, 0.42742742742742745 
594, 0.0025420754682272673, 0.0005144895985722542, 0.4264264264264265 
595, 0.002541513880714774, 0.0005135826650075614, 0.4254254254254254 
596, 0.0025572911836206913, 0.0005067514139227569, 0.4244244244244244 
597, 0.0025746894534677267, 0.0005224582273513079, 0.42342342342342343 
598, 0.002563927788287401, 0.0005083084688521922, 0.42242242242242245 
599, 0.0025791495572775602, 0.0005188622162677348, 0.42142142142142147 
600, 0.002590788062661886, 0.000499368121381849, 0.4204204204204204 
601, 0.0025950393173843622, 0.0005179850268177688, 0.4194194194194194 
602, 0.002586093032732606, 0.0005066063022240996, 0.4184184184184184 
603, 0.002612694166600704, 0.0005379935028031468, 0.41741741741741745 
604, 0.002638714388012886, 0.0005383439129218459, 0.41641641641641647 
605, 0.0026439731009304523, 0.0005174780380912125, 0.4154154154154154 
606, 0.002622217871248722, 0.0005270607653073967, 0.4144144144144144 
607, 0.0026340987533330917, 0.0005375939072109759, 0.4134134134134134 
608, 0.0026705660857260227, 0.000541076879017055, 0.41241241241241244 
609, 0.0026928859297186136, 0.0005590151995420456, 0.41141141141141147 
610, 0.002687042811885476, 0.0005371147417463362, 0.4104104104104104 
611, 0.002694872673600912, 0.0005331322900019586, 0.4094094094094094 
612, 0.0026971225161105394, 0.0005335528403520584, 0.4084084084084084 
613, 0.0027027183678001165, 0.0005434858030639589, 0.40740740740740744 
614, 0.002711930312216282, 0.0005542577127926052, 0.40640640640640646 
615, 0.002719004638493061, 0.0005381401861086488, 0.4054054054054054 
616, 0.0027368632145226, 0.0005479612154886127, 0.4044044044044044 
617, 0.0027325155679136515, 0.0005540364654734731, 0.4034034034034034 
618, 0.0027583229821175337, 0.0005496609373949468, 0.40240240240240244 
619, 0.0027826905716210604, 0.0005579008138738573, 0.40140140140140135 
620, 0.002781203016638756, 0.0005629774532280862, 0.40040040040040037 
621, 0.0027691852301359177, 0.0005667668883688748, 0.3993993993993994 
622, 0.002790297381579876, 0.0005537834367714822, 0.3983983983983984 
623, 0.002815783489495516, 0.0005613433895632625, 0.39739739739739743 
624, 0.0028018720913678408, 0.000552410667296499, 0.39639639639639634 
625, 0.00279760523699224, 0.0005668775993399322, 0.39539539539539537 
626, 0.0028117639012634754, 0.0005813859752379358, 0.3943943943943944 
627, 0.002835466293618083, 0.0005792274023406208, 0.3933933933933934 
628, 0.0028413839172571898, 0.0005760646890848875, 0.39239239239239243 
629, 0.0028655468486249447, 0.0005775850731879473, 0.39139139139139134 
630, 0.0028773865196853876, 0.0005917375674471259, 0.39039039039039036 
631, 0.0028788233175873756, 0.000575526210013777, 0.3893893893893894 
632, 0.0028925035148859024, 0.0005723231588490307, 0.3883883883883884 
633, 0.002900834893807769, 0.0005701397312805057, 0.3873873873873874 
634, 0.0028923179488629103, 0.0005833570612594485, 0.38638638638638634 
635, 0.0029015124309808016, 0.0005930006736889482, 0.38538538538538536 
636, 0.00293378671631217, 0.000586842535994947, 0.3843843843843844 
637, 0.0029161067213863134, 0.000602011801674962, 0.3833833833833834 
638, 0.0029262297321110964, 0.0005928518949076533, 0.3823823823823824 
639, 0.0029337864834815264, 0.000592358352150768, 0.38138138138138133 
640, 0.002945001469925046, 0.00060981884598732, 0.38038038038038036 
641, 0.0029972041957080364, 0.0005996991530992091, 0.3793793793793794 
642, 0.0029960295651108027, 0.0006176970200613141, 0.3783783783783784 
643, 0.002982261823490262, 0.0006297057261690497, 0.3773773773773774 
644, 0.0029856290202587843, 0.0005949776968918741, 0.37637637637637633 
645, 0.003018011339008808, 0.0006164849037304521, 0.37537537537537535 
646, 0.0030416189692914486, 0.0006277412758208811, 0.3743743743743744 
647, 0.0030560034792870283, 0.0006123118218965828, 0.3733733733733734 
648, 0.0030680536292493343, 0.0006221773801371455, 0.3723723723723724 
649, 0.0030852495692670345, 0.0006197807961143553, 0.37137137137137133 
650, 0.003078456036746502, 0.0006221516523510218, 0.37037037037037035 
651, 0.003082795301452279, 0.0006315518403425813, 0.36936936936936937 
652, 0.0031012259423732758, 0.0006352196214720607, 0.3683683683683684 
653, 0.003117972519248724, 0.0006470266962423921, 0.3673673673673674 
654, 0.0031323761213570833, 0.0006374075310304761, 0.3663663663663663 
655, 0.003133440623059869, 0.0006379449623636901, 0.36536536536536535 
656, 0.0031510749831795692, 0.0006525922217406332, 0.36436436436436437 
657, 0.0031548684928566217, 0.0006470517837442458, 0.3633633633633634 
658, 0.0031536074820905924, 0.000658482953440398, 0.3623623623623624 
659, 0.003159463172778487, 0.000630019698292017, 0.3613613613613613 
660, 0.003185080364346504, 0.0006531056715175509, 0.36036036036036034 
661, 0.0031833010725677013, 0.0006374092772603035, 0.35935935935935936 
662, 0.0032010150607675314, 0.0006713616894558072, 0.3583583583583584 
663, 0.0032044255640357733, 0.0006635659956373274, 0.3573573573573574 
664, 0.003218157449737191, 0.0006437853444367647, 0.3563563563563563 
665, 0.0032449073623865843, 0.0006647852133028209, 0.35535535535535534 
666, 0.0032388365361839533, 0.0006813587388023734, 0.35435435435435436 
667, 0.0032429888378828764, 0.0006645910907536745, 0.3533533533533534 
668, 0.003243230516090989, 0.0006819054833613336, 0.3523523523523524 
669, 0.0032415599562227726, 0.000663973274640739, 0.3513513513513513 
670, 0.0032556175719946623, 0.0006788367172703147, 0.35035035035035034 
671, 0.0032547174487262964, 0.0006870937650091946, 0.34934934934934936 
672, 0.003262552199885249, 0.0006654566386714578, 0.3483483483483484 
673, 0.0032600415870547295, 0.0006696375785395503, 0.3473473473473474 
674, 0.0032907903660088778, 0.0006933728000149131, 0.3463463463463463 
675, 0.0033032186329364777, 0.0007050731219351292, 0.34534534534534533 
676, 0.0032883048988878727, 0.0006735624046996236, 0.34434434434434436 
677, 0.003302983706817031, 0.000679310760460794, 0.3433433433433434 
678, 0.0033021799754351377, 0.0007105314871296287, 0.3423423423423423 
679, 0.003319208510220051, 0.0006959823658689857, 0.3413413413413413 
680, 0.0033365061972290277, 0.0007129861041903496, 0.34034034034034033 
681, 0.0033545414917171, 0.0006991439149715006, 0.33933933933933935 
682, 0.003368469886481762, 0.0007083048694767058, 0.3383383383383384 
683, 0.0033707390539348125, 0.0007148899603635073, 0.3373373373373373 
684, 0.003391698934137821, 0.0007170255412347615, 0.3363363363363363 
685, 0.003389971563592553, 0.0007209220784716308, 0.3353353353353353 
686, 0.0033903135918080807, 0.0007297160336747766, 0.33433433433433435 
687, 0.003395866835489869, 0.0007266514585353434, 0.33333333333333337 
688, 0.0034119386691600084, 0.0007183406851254404, 0.3323323323323323 
689, 0.003435070626437664, 0.0007006408413872123, 0.3313313313313313 
690, 0.003445531241595745, 0.0007344036130234599, 0.3303303303303303 
691, 0.0034404073376208544, 0.0007156758802011609, 0.32932932932932935 
692, 0.003455261467024684, 0.0007175049977377057, 0.32832832832832837 
693, 0.0034711731132119894, 0.0007351266103796661, 0.3273273273273273 
694, 0.0034803026355803013, 0.0007457812898792326, 0.3263263263263263 
695, 0.003515494056046009, 0.000739906681701541, 0.3253253253253253 
696, 0.0035090032033622265, 0.0007415861473418772, 0.32432432432432434 
697, 0.00351011217571795, 0.0007533685420639813, 0.32332332332332336 
698, 0.003509234869852662, 0.0007461318746209145, 0.3223223223223223 
699, 0.0035372814163565636, 0.0007503292872570455, 0.3213213213213213 
700, 0.0035477771889418364, 0.0007485778769478202, 0.3203203203203203 
701, 0.003558447351679206, 0.0007538123754784465, 0.31931931931931934 
702, 0.003568921471014619, 0.0008123230072669685, 0.31831831831831836 
703, 0.0035716460552066565, 0.0007768928771838546, 0.31731731731731727 
704, 0.003578798146918416, 0.0007824261556379497, 0.3163163163163163 
705, 0.00358653930015862, 0.0007726710173301399, 0.3153153153153153 
706, 0.0035951295867562294, 0.0007641355623491108, 0.31431431431431434 
707, 0.003590407781302929, 0.0007697354885749519, 0.31331331331331336 
708, 0.0035883551463484764, 0.0007667477475479245, 0.31231231231231227 
709, 0.0036008090246468782, 0.0007770777447149158, 0.3113113113113113 
710, 0.003635148284956813, 0.0007987867575138807, 0.3103103103103103 
711, 0.0036451418418437243, 0.0007853693095967174, 0.30930930930930933 
712, 0.00366275105625391, 0.0007868596003390849, 0.30830830830830835 
713, 0.0036678011529147625, 0.0007868141983635724, 0.30730730730730726 
714, 0.00366747728548944, 0.0007925113313831389, 0.3063063063063063 
715, 0.003665211610496044, 0.0007870002300478518, 0.3053053053053053 
716, 0.0036530564539134502, 0.0007834759308025241, 0.30430430430430433 
717, 0.003685238305479288, 0.0008049255702644587, 0.30330330330330335 
718, 0.003712503705173731, 0.0007984538679011166, 0.30230230230230226 
719, 0.0037273711059242487, 0.0008198741707019508, 0.3013013013013013 
720, 0.0037185559049248695, 0.0008052623015828431, 0.3003003003003003 
721, 0.003746618051081896, 0.0008125681197270751, 0.2992992992992993 
722, 0.003758034436032176, 0.0008176213596016169, 0.29829829829829835 
723, 0.0037553508300334215, 0.0008278049062937498, 0.29729729729729726 
724, 0.003773401491343975, 0.0008477679803036153, 0.2962962962962963 
725, 0.0038055384065955877, 0.0008375387988053262, 0.2952952952952953 
726, 0.0038003805093467236, 0.0008348585688509047, 0.2942942942942943 
727, 0.003823964623734355, 0.0008339498308487236, 0.29329329329329334 
728, 0.003779900725930929, 0.0008499834802933037, 0.29229229229229226 
729, 0.0038251287769526243, 0.0008398504578508437, 0.2912912912912913 
730, 0.003820645622909069, 0.000835758401080966, 0.2902902902902903 
731, 0.003817299846559763, 0.000846821116283536, 0.2892892892892893 
732, 0.00385354645550251, 0.0008665947825647891, 0.28828828828828834 
733, 0.0038738949224352837, 0.0008595866966061294, 0.28728728728728725 
734, 0.003886060556396842, 0.0008604296017438173, 0.2862862862862863 
735, 0.0038741023745387793, 0.0008618924766778946, 0.2852852852852853 
736, 0.003870769403874874, 0.0008560304413549602, 0.2842842842842843 
737, 0.003893726971000433, 0.0008732870919629931, 0.28328328328328334 
738, 0.003913962282240391, 0.0008654794655740261, 0.28228228228228225 
739, 0.003929156344383955, 0.0008979601552709937, 0.28128128128128127 
740, 0.003923007287085056, 0.0008674537530168891, 0.2802802802802803 
741, 0.0039308154955506325, 0.0008538126130588353, 0.2792792792792793 
742, 0.003934752196073532, 0.0008439990342594683, 0.2782782782782782 
743, 0.003926526289433241, 0.0008555856766179204, 0.27727727727727725 
744, 0.00396520271897316, 0.000859597697854042, 0.27627627627627627 
745, 0.0039714304730296135, 0.0008906084694899619, 0.2752752752752753 
746, 0.003988439682871103, 0.000876156147569418, 0.2742742742742743 
747, 0.003994820639491081, 0.0008722087950445712, 0.2732732732732732 
748, 0.003987682517617941, 0.0008955394732765853, 0.27227227227227224 
749, 0.003998286556452513, 0.0009002625592984259, 0.27127127127127126 
750, 0.00401527201756835, 0.000896112178452313, 0.2702702702702703 
751, 0.004020141437649727, 0.0008949487819336355, 0.2692692692692693 
752, 0.004033660050481558, 0.0008928541210480034, 0.2682682682682682 
753, 0.0040298826061189175, 0.0009079139563255012, 0.26726726726726724 
754, 0.004048584029078484, 0.000920656428206712, 0.26626626626626626 
755, 0.0040533035062253475, 0.0009056231356225908, 0.2652652652652653 
756, 0.00406723702326417, 0.0009234750759787858, 0.2642642642642643 
757, 0.004080640152096748, 0.0009192031575366855, 0.2632632632632632 
758, 0.004119787365198135, 0.0009262485546059906, 0.26226226226226224 
759, 0.0041274819523096085, 0.0009051471133716404, 0.26126126126126126 
760, 0.004136562347412109, 0.0009020981378853321, 0.2602602602602603 
761, 0.004167175851762295, 0.0009143617935478687, 0.2592592592592593 
762, 0.004168379586189985, 0.0009273961768485606, 0.2582582582582582 
763, 0.004176912363618612, 0.0009096122812479734, 0.25725725725725723 
764, 0.004161734599620104, 0.0009283319232054055, 0.25625625625625625 
765, 0.004169711377471685, 0.0009509539813734591, 0.2552552552552553 
766, 0.004198651760816574, 0.0009293883922509849, 0.2542542542542543 
767, 0.004194063134491444, 0.0009196567698381841, 0.2532532532532532 
768, 0.0041930959559977055, 0.0009225300746038556, 0.25225225225225223 
769, 0.0041887639090418816, 0.00094892323249951, 0.25125125125125125 
770, 0.004211070016026497, 0.0009320536046288908, 0.2502502502502503 
771, 0.0042250873520970345, 0.0009638910414651036, 0.2492492492492493 
772, 0.004241388291120529, 0.0009611703571863472, 0.2482482482482482 
773, 0.004235934000462294, 0.0009491197415627539, 0.24724724724724723 
774, 0.0042558894492685795, 0.0009720229427330196, 0.24624624624624625 
775, 0.004274089355021715, 0.0009833350777626038, 0.24524524524524527 
776, 0.00427608285099268, 0.0009782311972230673, 0.2442442442442443 
777, 0.004283576272428036, 0.000937909702770412, 0.2432432432432432 
778, 0.004301602020859718, 0.0009787003509700298, 0.24224224224224222 
779, 0.004316916689276695, 0.0009621012723073363, 0.24124124124124124 
780, 0.004336950369179249, 0.0009738164371810853, 0.24024024024024027 
781, 0.004349882248789072, 0.0009637002949602902, 0.2392392392392393 
782, 0.0043505472131073475, 0.0009825605666264892, 0.2382382382382382 
783, 0.0043565439991652966, 0.0009909302461892366, 0.23723723723723722 
784, 0.004371134098619223, 0.0010147304274141788, 0.23623623623623624 
785, 0.004388987086713314, 0.0010018893517553806, 0.23523523523523526 
786, 0.004407044034451246, 0.001002560486085713, 0.23423423423423428 
787, 0.004413732327520847, 0.0010167714208364487, 0.2332332332332332 
788, 0.004418938420712948, 0.0010190692264586687, 0.23223223223223222 
789, 0.004420357756316662, 0.0010101435473188758, 0.23123123123123124 
790, 0.004457082133740187, 0.0010016317246481776, 0.23023023023023026 
791, 0.004456104710698128, 0.0010124059626832604, 0.22922922922922928 
792, 0.004463450517505407, 0.001000461750663817, 0.2282282282282282 
793, 0.004462935496121645, 0.0010414485586807132, 0.2272272272272272 
794, 0.004487032536417246, 0.0010184848215430975, 0.22622622622622623 
795, 0.004493495915085077, 0.0010394637938588858, 0.22522522522522526 
796, 0.0045088957995176315, 0.0010335975093767047, 0.22422422422422428 
797, 0.004514274187386036, 0.0010414939606562257, 0.2232232232232232 
798, 0.004497392103075981, 0.001001126365736127, 0.2222222222222222 
799, 0.004514079075306654, 0.0010181412799283862, 0.22122122122122123 
800, 0.004542791750282049, 0.001033936277963221, 0.22022022022022025 
801, 0.004545029252767563, 0.0010526964906603098, 0.21921921921921927 
802, 0.004540801048278809, 0.001042505376972258, 0.21821821821821819 
803, 0.00454314798116684, 0.001045305747538805, 0.2172172172172172 
804, 0.0045782700181007385, 0.0010506495600566268, 0.21621621621621623 
805, 0.004591630771756172, 0.0010500353528186679, 0.21521521521521525 
806, 0.004585431423038244, 0.0010741108562797308, 0.21421421421421416 
807, 0.00460868701338768, 0.001065162825398147, 0.21321321321321318 
808, 0.00463081756606698, 0.0010514076566323638, 0.2122122122122122 
809, 0.004653646610677242, 0.0010499703930690885, 0.21121121121121122 
810, 0.004656026605516672, 0.0010717876721173525, 0.21021021021021025 
811, 0.004671822302043438, 0.0010564358672127128, 0.20920920920920916 
812, 0.004681944381445646, 0.0010563562391325831, 0.20820820820820818 
813, 0.004687202628701925, 0.0010603253031149507, 0.2072072072072072 
814, 0.004697849042713642, 0.0010841329349204898, 0.20620620620620622 
815, 0.0046937293373048306, 0.0010747708147391677, 0.20520520520520524 
816, 0.0047095525078475475, 0.0010795838898047805, 0.20420420420420415 
817, 0.00472980597987771, 0.0010961645748466253, 0.20320320320320318 
818, 0.0047565605491399765, 0.0010911821154877543, 0.2022022022022022 
819, 0.004764105658978224, 0.0011038940865546465, 0.20120120120120122 
820, 0.004778796341270208, 0.0011035873321816325, 0.20020020020020024 
821, 0.004775561857968569, 0.0010935544269159436, 0.19919919919919915 
822, 0.004808446858078241, 0.0010941744549199939, 0.19819819819819817 
823, 0.004815476480871439, 0.0011109203333035111, 0.1971971971971972 
824, 0.004800852388143539, 0.001132079167291522, 0.19619619619619622 
825, 0.004791236016899347, 0.0011090051848441362, 0.19519519519519524 
826, 0.004809852223843336, 0.0011330620618537068, 0.19419419419419415 
827, 0.004798939451575279, 0.0011164533207193017, 0.19319319319319317 
828, 0.0048224725760519505, 0.0010912574362009764, 0.1921921921921922 
829, 0.004848594777286053, 0.0011283736675977707, 0.1911911911911912 
830, 0.004849025048315525, 0.0011310608824715018, 0.19019019019019023 
831, 0.004853374790400267, 0.0011085791047662497, 0.18918918918918914 
832, 0.004871931858360767, 0.0011325754458084702, 0.18818818818818817 
833, 0.004898040555417538, 0.0011606168700382113, 0.1871871871871872 
834, 0.004922775086015463, 0.0011299769394099712, 0.1861861861861862 
835, 0.004948042798787355, 0.0011179951252415776, 0.18518518518518523 
836, 0.004941808525472879, 0.0011444434057921171, 0.18418418418418414 
837, 0.004967536311596632, 0.00115425162948668, 0.18318318318318316 
838, 0.004958788398653269, 0.0011495999060571194, 0.18218218218218218 
839, 0.004974668845534325, 0.0011496240040287375, 0.1811811811811812 
840, 0.004993798676878214, 0.001156593905761838, 0.18018018018018023 
841, 0.005011444445699453, 0.0011621147859841585, 0.17917917917917914 
842, 0.0050067114643752575, 0.00116399594116956, 0.17817817817817816 
843, 0.005022677592933178, 0.0011969746556133032, 0.17717717717717718 
844, 0.005050587933510542, 0.0011727727251127362, 0.1761761761761762 
845, 0.005061058793216944, 0.001191691029816866, 0.17517517517517522 
846, 0.005071032326668501, 0.0011674106353893876, 0.17417417417417413 
847, 0.005047625862061977, 0.0011815909529104829, 0.17317317317317316 
848, 0.0050710649229586124, 0.001199945923872292, 0.17217217217217218 
849, 0.005078209098428488, 0.001209609559737146, 0.1711711711711712 
850, 0.0050613051280379295, 0.0011949938489124179, 0.17017017017017022 
851, 0.005083457566797733, 0.0012009763158857822, 0.16916916916916913 
852, 0.005118148867040873, 0.0012257156195119023, 0.16816816816816815 
853, 0.005134517792612314, 0.0011970668565481901, 0.16716716716716717 
854, 0.005164470989257097, 0.0012172164861112833, 0.1661661661661662 
855, 0.005162909161299467, 0.0012013911036774516, 0.16516516516516522 
856, 0.005162682384252548, 0.001205679727718234, 0.16416416416416413 
857, 0.005170613527297974, 0.0012158669997006655, 0.16316316316316315 
858, 0.005194793455302715, 0.0012294702464714646, 0.16216216216216217 
859, 0.005195498000830412, 0.00121367909014225, 0.1611611611611612 
860, 0.005220551509410143, 0.001256279880180955, 0.16016016016016021 
861, 0.0052022733725607395, 0.001264316844753921, 0.15915915915915912 
862, 0.005216082092374563, 0.0012614878360182047, 0.15815815815815815 
863, 0.00523033645004034, 0.0012390338815748692, 0.15715715715715717 
864, 0.005261067766696215, 0.0012504775077104568, 0.1561561561561562 
865, 0.0052878051064908504, 0.001259368727914989, 0.1551551551551551 
866, 0.005283591337502003, 0.0012502771569415927, 0.15415415415415412 
867, 0.00528869591653347, 0.0012404395965859294, 0.15315315315315314 
868, 0.005300336517393589, 0.0012767636217176914, 0.15215215215215216 
869, 0.005333497654646635, 0.0012863383162766695, 0.1511511511511512 
870, 0.005338707473129034, 0.001255076378583908, 0.1501501501501501 
871, 0.005372244864702225, 0.0012491265079006553, 0.14914914914914912 
872, 0.00537949800491333, 0.0012779933167621493, 0.14814814814814814 
873, 0.005390993785113096, 0.0013032950228080153, 0.14714714714714716 
874, 0.00538257509469986, 0.001272433320991695, 0.14614614614614618 
875, 0.005397043656557798, 0.001276052207686007, 0.1451451451451451 
876, 0.005409849341958761, 0.0013292314251884818, 0.14414414414414412 
877, 0.005440540611743927, 0.0012932027457281947, 0.14314314314314314 
878, 0.005456486251205206, 0.0013147125719115138, 0.14214214214214216 
879, 0.005468891002237797, 0.0012818231480196118, 0.14114114114114118 
880, 0.005474524572491646, 0.001294716726988554, 0.1401401401401401 
881, 0.0054762172512710094, 0.0012989217648282647, 0.1391391391391391 
882, 0.005479438696056604, 0.0013120180228725076, 0.13813813813813813 
883, 0.005492470692843199, 0.0013306501787155867, 0.13713713713713716 
884, 0.0054916441440582275, 0.0013123864773660898, 0.13613613613613618 
885, 0.005514360964298248, 0.0013345357729122043, 0.1351351351351351 
886, 0.005534209776669741, 0.0013461654307320714, 0.1341341341341341 
887, 0.005573810078203678, 0.0013572495663538575, 0.13313313313313313 
888, 0.005592538043856621, 0.0013579664519056678, 0.13213213213213215 
889, 0.005570014473050833, 0.0013475877931341529, 0.13113113113113117 
890, 0.005584409926086664, 0.0013723053270950913, 0.13013013013013008 
891, 0.0055979108437895775, 0.0013419674942269921, 0.1291291291291291 
892, 0.0055922577157616615, 0.0013545830734074116, 0.12812812812812813 
893, 0.005617080722004175, 0.0013441438786685467, 0.12712712712712715 
894, 0.005637558177113533, 0.0013584010303020477, 0.12612612612612617 
895, 0.005634825676679611, 0.001370307756587863, 0.12512512512512508 
896, 0.005648461170494556, 0.0013893243158236146, 0.1241241241241241 
897, 0.005672036670148373, 0.0013753001112490892, 0.12312312312312312 
898, 0.00567640969529748, 0.0013658773386850953, 0.12212212212212215 
899, 0.005686763674020767, 0.0014030822785571218, 0.12112112112112117 
900, 0.005683654919266701, 0.0014095422811806202, 0.12012012012012008 
901, 0.005725058261305094, 0.0013882170896977186, 0.1191191191191191 
902, 0.005736975464969873, 0.0014045299030840397, 0.11811811811811812 
903, 0.005742030683904886, 0.001408301992341876, 0.11711711711711714 
904, 0.00574340857565403, 0.001428558025509119, 0.11611611611611616 
905, 0.005756870843470097, 0.0013947993284091353, 0.11511511511511507 
906, 0.005781120620667934, 0.0014022946124896407, 0.1141141141141141 
907, 0.00580226257443428, 0.0014303091447800398, 0.11311311311311312 
908, 0.005780360195785761, 0.0014267764054238796, 0.11211211211211214 
909, 0.005795360077172518, 0.0014192305970937014, 0.11111111111111116 
910, 0.005817169323563576, 0.0014380349311977625, 0.11011011011011007 
911, 0.005848849657922983, 0.0014336693566292524, 0.10910910910910909 
912, 0.005832981783896685, 0.0014354984741657972, 0.10810810810810811 
913, 0.0058584087528288364, 0.0014542184071615338, 0.10710710710710714 
914, 0.005884839221835136, 0.0014541455311700702, 0.10610610610610616 
915, 0.005910665262490511, 0.0014599333517253399, 0.10510510510510507 
916, 0.005921306554228067, 0.0014747162349522114, 0.10410410410410409 
917, 0.005928445141762495, 0.0014802797231823206, 0.10310310310310311 
918, 0.005942486226558685, 0.001462529064156115, 0.10210210210210213 
919, 0.005948821548372507, 0.0014875509077683091, 0.10110110110110115 
920, 0.005966796074062586, 0.0014646578347310424, 0.10010010010010006 
921, 0.005976621061563492, 0.0014696171274408698, 0.09909909909909909 
922, 0.005962177645415068, 0.0014707801165059209, 0.09809809809809811 
923, 0.005993259605020285, 0.0014590549981221557, 0.09709709709709713 
924, 0.005998301785439253, 0.001496496726758778, 0.09609609609609615 
925, 0.005999638233333826, 0.0014960283879190683, 0.09509509509509506 
926, 0.006025932729244232, 0.0015009668422862887, 0.09409409409409408 
927, 0.006054413039237261, 0.0014993129298090935, 0.0930930930930931 
928, 0.00607008021324873, 0.0015130969695746899, 0.09209209209209213 
929, 0.006087551359087229, 0.0015202966751530766, 0.09109109109109104 
930, 0.006099517457187176, 0.0015166939701884985, 0.09009009009009006 
931, 0.006125500425696373, 0.001523390063084662, 0.08908908908908908 
932, 0.00612659053876996, 0.001525581581518054, 0.0880880880880881 
933, 0.006111310329288244, 0.0014975382946431637, 0.08708708708708712 
934, 0.006129227578639984, 0.0015406826278194785, 0.08608608608608603 
935, 0.0061555360443890095, 0.0015756681095808744, 0.08508508508508505 
936, 0.006157345604151487, 0.0015350774629041553, 0.08408408408408408 
937, 0.0061776828952133656, 0.0015696844784542918, 0.0830830830830831 
938, 0.006209003273397684, 0.001557523151859641, 0.08208208208208212 
939, 0.00621473602950573, 0.00154845358338207, 0.08108108108108103 
940, 0.0062236664816737175, 0.001552053727209568, 0.08008008008008005 
941, 0.006229523103684187, 0.0015661431243643165, 0.07907907907907907 
942, 0.006243277341127396, 0.0015842734137549996, 0.0780780780780781 
943, 0.00625709630548954, 0.0015847926260903478, 0.07707707707707712 
944, 0.006263379473239183, 0.0015846866881474853, 0.07607607607607603 
945, 0.006275740917772055, 0.0015770627651363611, 0.07507507507507505 
946, 0.006297057960182428, 0.001586166792549193, 0.07407407407407407 
947, 0.006307493429630995, 0.0015911683440208435, 0.07307307307307309 
948, 0.0063145761378109455, 0.0016002192860469222, 0.07207207207207211 
949, 0.006361202336847782, 0.001632294268347323, 0.07107107107107102 
950, 0.006379507016390562, 0.0016146334819495678, 0.07007007007007005 
951, 0.006382212042808533, 0.0016417120350524783, 0.06906906906906907 
952, 0.006377654615789652, 0.0016301835421472788, 0.06806806806806809 
953, 0.0063891722820699215, 0.001626549637876451, 0.06706706706706711 
954, 0.006390812806785107, 0.001605037716217339, 0.06606606606606602 
955, 0.006421991158276796, 0.0016325738979503512, 0.06506506506506504 
956, 0.00642008101567626, 0.0016641394468024373, 0.06406406406406406 
957, 0.006432229653000832, 0.001642125193029642, 0.06306306306306309 
958, 0.006440664175897837, 0.0016513621667400002, 0.06206206206206211 
959, 0.006462557706981897, 0.0016696584643796086, 0.06106106106106102 
960, 0.006475990638136864, 0.001669255318120122, 0.06006006006006004 
961, 0.0064973384141922, 0.0016709394985809922, 0.05905905905905906 
962, 0.006516966037452221, 0.001679791952483356, 0.05805805805805808 
963, 0.006523999385535717, 0.0016686697490513325, 0.0570570570570571 
964, 0.006573261693120003, 0.0016788686625659466, 0.056056056056056014 
965, 0.006581467110663652, 0.0016877364832907915, 0.055055055055055035 
966, 0.006579714361578226, 0.0017121147830039263, 0.05405405405405406 
967, 0.00659321341663599, 0.001694831415079534, 0.05305305305305308 
968, 0.006615550257265568, 0.0017129804473370314, 0.0520520520520521 
969, 0.006627640221267939, 0.0016896817833185196, 0.05105105105105101 
970, 0.00663377158343792, 0.0017303626518696547, 0.05005005005005003 
971, 0.006622564513236284, 0.0017302257474511862, 0.049049049049049054 
972, 0.006628808099776506, 0.0016917935572564602, 0.048048048048048075 
973, 0.0066663422621786594, 0.0017489996971562505, 0.0470470470470471 
974, 0.006686435546725988, 0.001760587329044938, 0.04604604604604601 
975, 0.0067110490053892136, 0.001744732609950006, 0.04504504504504503 
976, 0.006717292126268148, 0.001753945485688746, 0.04404404404404405 
977, 0.006731548812240362, 0.001766901696100831, 0.04304304304304307 
978, 0.006733973044902086, 0.001784786581993103, 0.042042042042042094 
979, 0.00675092451274395, 0.0017908950103446841, 0.041041041041041004 
980, 0.006762548349797726, 0.0017918091034516692, 0.040040040040040026 
981, 0.0067795803770422935, 0.0017475481145083904, 0.03903903903903905 
982, 0.00679639121517539, 0.0017929082969203591, 0.03803803803803807 
983, 0.006799489725381136, 0.0017911393661051989, 0.03703703703703709 
984, 0.006808868609368801, 0.0017717252485454082, 0.036036036036036 
985, 0.006836606189608574, 0.001821046695113182, 0.03503503503503502 
986, 0.006850076839327812, 0.001797272590920329, 0.034034034034034044 
987, 0.006864490453153849, 0.0018058212008327246, 0.033033033033033066 
988, 0.006863378919661045, 0.0018282546661794186, 0.03203203203203209 
989, 0.006874880753457546, 0.0018198104808107018, 0.031031031031030998 
990, 0.006889387499541044, 0.001822823309339583, 0.03003003003003002 
991, 0.006903795059770346, 0.0018412296194583178, 0.02902902902902904 
992, 0.00692330626770854, 0.0018261142540723085, 0.028028028028028062 
993, 0.006922879256308079, 0.001842006458900869, 0.027027027027026973 
994, 0.006958355661481619, 0.0018698680214583874, 0.026026026026025995 
995, 0.006984989624470472, 0.0018330474849790335, 0.025025025025025016 
996, 0.006987222470343113, 0.0018495488911867142, 0.024024024024024038 
997, 0.007001487072557211, 0.0018870049389079213, 0.02302302302302306 
998, 0.00701620988547802, 0.0018673258600756526, 0.02202202202202197 
999, 0.007024108432233334, 0.0018611581763252616, 0.02102102102102099 
1000, 0.007038291543722153, 0.0019025793299078941, 0.020020020020020013 
